trial,timepoints,vdcc_c0,vdcc_c1,vdcc_c2,vdcc_c3,vdcc_o,ca_sum,ca
1000.0,10.001,62.0,3.0,0.0,0.0,0.0,4506.0,0.0
1000.0,10.002,63.0,2.0,0.0,0.0,0.0,4506.0,0.0
1000.0,10.003,63.0,2.0,0.0,0.0,0.0,4506.0,0.0
1000.0,10.004,63.0,2.0,0.0,0.0,0.0,4506.0,0.0
1000.0,10.005,63.0,2.0,0.0,0.0,0.0,4506.0,0.0
1000.0,10.006,63.0,2.0,0.0,0.0,0.0,4506.0,0.0
1000.0,10.007,63.0,2.0,0.0,0.0,0.0,4506.0,0.0
1000.0,10.008000000000001,62.0,3.0,0.0,0.0,0.0,4506.0,0.0
1000.0,10.009,62.0,3.0,0.0,0.0,0.0,4506.0,0.0
1000.0,10.01,62.0,3.0,0.0,0.0,0.0,4506.0,0.0
1000.0,10.011000000000001,62.0,3.0,0.0,0.0,0.0,4506.0,0.0
1000.0,10.012,62.0,3.0,0.0,0.0,0.0,4506.0,0.0
1000.0,10.013,62.0,3.0,0.0,0.0,0.0,4506.0,0.0
1000.0,10.014,62.0,2.0,1.0,0.0,0.0,4506.0,0.0
1000.0,10.015,62.0,2.0,1.0,0.0,0.0,4506.0,0.0
1000.0,10.016,62.0,2.0,1.0,0.0,0.0,4506.0,0.0
1000.0,10.017,62.0,2.0,1.0,0.0,0.0,4506.0,0.0
1000.0,10.018,62.0,2.0,1.0,0.0,0.0,4506.0,0.0
1000.0,10.019,62.0,2.0,1.0,0.0,0.0,4506.0,0.0
1000.0,10.02,62.0,2.0,1.0,0.0,0.0,4506.0,0.0
1000.0,10.021,62.0,2.0,1.0,0.0,0.0,4506.0,0.0
1000.0,10.022,62.0,2.0,1.0,0.0,0.0,4506.0,0.0
1000.0,10.023,63.0,1.0,1.0,0.0,0.0,4506.0,0.0
1000.0,10.024000000000001,63.0,1.0,1.0,0.0,0.0,4506.0,0.0
1000.0,10.025,63.0,1.0,1.0,0.0,0.0,4506.0,0.0
1000.0,10.026,63.0,1.0,1.0,0.0,0.0,4506.0,0.0
1000.0,10.027000000000001,63.0,1.0,1.0,0.0,0.0,4506.0,0.0
1000.0,10.028,63.0,1.0,1.0,0.0,0.0,4506.0,0.0
1000.0,10.029,63.0,1.0,1.0,0.0,0.0,4506.0,0.0
1000.0,10.03,63.0,1.0,1.0,0.0,0.0,4506.0,0.0
1000.0,10.031,63.0,1.0,1.0,0.0,0.0,4506.0,0.0
1000.0,10.032,63.0,1.0,1.0,0.0,0.0,4506.0,0.0
1000.0,10.033,63.0,1.0,1.0,0.0,0.0,4506.0,0.0
1000.0,10.034,63.0,1.0,1.0,0.0,0.0,4506.0,0.0
1000.0,10.035,63.0,2.0,0.0,0.0,0.0,4506.0,0.0
1000.0,10.036,63.0,2.0,0.0,0.0,0.0,4506.0,0.0
1000.0,10.037,63.0,2.0,0.0,0.0,0.0,4506.0,0.0
1000.0,10.038,63.0,2.0,0.0,0.0,0.0,4506.0,0.0
1000.0,10.039,63.0,2.0,0.0,0.0,0.0,4506.0,0.0
1000.0,10.040000000000001,63.0,2.0,0.0,0.0,0.0,4506.0,0.0
1000.0,10.041,63.0,2.0,0.0,0.0,0.0,4506.0,0.0
1000.0,10.042,63.0,2.0,0.0,0.0,0.0,4506.0,0.0
1000.0,10.043000000000001,63.0,2.0,0.0,0.0,0.0,4506.0,0.0
1000.0,10.044,63.0,2.0,0.0,0.0,0.0,4506.0,0.0
1000.0,10.045,63.0,2.0,0.0,0.0,0.0,4506.0,0.0
1000.0,10.046,63.0,2.0,0.0,0.0,0.0,4506.0,0.0
1000.0,10.047,63.0,2.0,0.0,0.0,0.0,4506.0,0.0
1000.0,10.048,63.0,2.0,0.0,0.0,0.0,4506.0,0.0
1000.0,10.049,63.0,2.0,0.0,0.0,0.0,4506.0,0.0
1000.0,10.05,63.0,2.0,0.0,0.0,0.0,4506.0,0.0
1000.0,10.051,63.0,2.0,0.0,0.0,0.0,4506.0,0.0
1000.0,10.052,63.0,2.0,0.0,0.0,0.0,4506.0,0.0
1000.0,10.053,62.0,3.0,0.0,0.0,0.0,4506.0,0.0
1000.0,10.054,62.0,3.0,0.0,0.0,0.0,4506.0,0.0
1000.0,10.055,62.0,3.0,0.0,0.0,0.0,4506.0,0.0
1000.0,10.056000000000001,62.0,3.0,0.0,0.0,0.0,4506.0,0.0
1000.0,10.057,62.0,3.0,0.0,0.0,0.0,4506.0,0.0
1000.0,10.058,62.0,3.0,0.0,0.0,0.0,4506.0,0.0
1000.0,10.059000000000001,63.0,2.0,0.0,0.0,0.0,4506.0,0.0
1000.0,10.06,63.0,2.0,0.0,0.0,0.0,4506.0,0.0
1000.0,10.061,63.0,2.0,0.0,0.0,0.0,4506.0,0.0
1000.0,10.062,63.0,2.0,0.0,0.0,0.0,4506.0,0.0
1000.0,10.063,63.0,2.0,0.0,0.0,0.0,4506.0,0.0
1000.0,10.064,63.0,2.0,0.0,0.0,0.0,4506.0,0.0
1000.0,10.065,63.0,2.0,0.0,0.0,0.0,4506.0,0.0
1000.0,10.066,63.0,2.0,0.0,0.0,0.0,4506.0,0.0
1000.0,10.067,63.0,2.0,0.0,0.0,0.0,4506.0,0.0
1000.0,10.068,63.0,2.0,0.0,0.0,0.0,4506.0,0.0
1000.0,10.069,62.0,3.0,0.0,0.0,0.0,4506.0,0.0
1000.0,10.07,62.0,3.0,0.0,0.0,0.0,4506.0,0.0
1000.0,10.071,62.0,3.0,0.0,0.0,0.0,4506.0,0.0
1000.0,10.072000000000001,62.0,3.0,0.0,0.0,0.0,4506.0,0.0
1000.0,10.073,62.0,3.0,0.0,0.0,0.0,4506.0,0.0
1000.0,10.074,62.0,3.0,0.0,0.0,0.0,4506.0,0.0
1000.0,10.075000000000001,62.0,3.0,0.0,0.0,0.0,4506.0,0.0
1000.0,10.076,62.0,3.0,0.0,0.0,0.0,4506.0,0.0
1000.0,10.077,62.0,3.0,0.0,0.0,0.0,4506.0,0.0
1000.0,10.078,62.0,3.0,0.0,0.0,0.0,4506.0,0.0
1000.0,10.079,62.0,3.0,0.0,0.0,0.0,4506.0,0.0
1000.0,10.08,62.0,3.0,0.0,0.0,0.0,4506.0,0.0
1000.0,10.081,62.0,3.0,0.0,0.0,0.0,4506.0,0.0
1000.0,10.082,62.0,3.0,0.0,0.0,0.0,4506.0,0.0
1000.0,10.083,62.0,3.0,0.0,0.0,0.0,4506.0,0.0
1000.0,10.084,62.0,3.0,0.0,0.0,0.0,4506.0,0.0
1000.0,10.085,62.0,3.0,0.0,0.0,0.0,4506.0,0.0
1000.0,10.086,62.0,3.0,0.0,0.0,0.0,4506.0,0.0
1000.0,10.087,62.0,3.0,0.0,0.0,0.0,4506.0,0.0
1000.0,10.088000000000001,62.0,3.0,0.0,0.0,0.0,4506.0,0.0
1000.0,10.089,62.0,3.0,0.0,0.0,0.0,4506.0,0.0
1000.0,10.09,62.0,3.0,0.0,0.0,0.0,4506.0,0.0
1000.0,10.091000000000001,62.0,3.0,0.0,0.0,0.0,4506.0,0.0
1000.0,10.092,62.0,3.0,0.0,0.0,0.0,4506.0,0.0
1000.0,10.093,62.0,3.0,0.0,0.0,0.0,4506.0,0.0
1000.0,10.094,62.0,3.0,0.0,0.0,0.0,4506.0,0.0
1000.0,10.095,61.0,4.0,0.0,0.0,0.0,4506.0,0.0
1000.0,10.096,61.0,4.0,0.0,0.0,0.0,4506.0,0.0
1000.0,10.097,61.0,4.0,0.0,0.0,0.0,4506.0,0.0
1000.0,10.098,61.0,4.0,0.0,0.0,0.0,4506.0,0.0
1000.0,10.099,61.0,4.0,0.0,0.0,0.0,4506.0,0.0
1000.0,10.1,61.0,4.0,0.0,0.0,0.0,4506.0,0.0
1000.0,10.101,61.0,4.0,0.0,0.0,0.0,4506.0,0.0
1000.0,10.102,61.0,4.0,0.0,0.0,0.0,4506.0,0.0
1000.0,10.103,61.0,4.0,0.0,0.0,0.0,4506.0,0.0
1000.0,10.104000000000001,61.0,4.0,0.0,0.0,0.0,4506.0,0.0
1000.0,10.105,61.0,4.0,0.0,0.0,0.0,4506.0,0.0
1000.0,10.106,62.0,3.0,0.0,0.0,0.0,4506.0,0.0
1000.0,10.107000000000001,62.0,3.0,0.0,0.0,0.0,4506.0,0.0
1000.0,10.108,62.0,3.0,0.0,0.0,0.0,4506.0,0.0
1000.0,10.109,62.0,3.0,0.0,0.0,0.0,4506.0,0.0
1000.0,10.11,62.0,3.0,0.0,0.0,0.0,4506.0,0.0
1000.0,10.111,62.0,3.0,0.0,0.0,0.0,4506.0,0.0
1000.0,10.112,62.0,3.0,0.0,0.0,0.0,4506.0,0.0
1000.0,10.113,62.0,3.0,0.0,0.0,0.0,4506.0,0.0
1000.0,10.114,62.0,3.0,0.0,0.0,0.0,4506.0,0.0
1000.0,10.115,62.0,3.0,0.0,0.0,0.0,4506.0,0.0
1000.0,10.116,62.0,3.0,0.0,0.0,0.0,4506.0,0.0
1000.0,10.117,62.0,3.0,0.0,0.0,0.0,4506.0,0.0
1000.0,10.118,62.0,3.0,0.0,0.0,0.0,4506.0,0.0
1000.0,10.119,62.0,3.0,0.0,0.0,0.0,4506.0,0.0
1000.0,10.120000000000001,62.0,3.0,0.0,0.0,0.0,4506.0,0.0
1000.0,10.121,63.0,2.0,0.0,0.0,0.0,4506.0,0.0
1000.0,10.122,63.0,2.0,0.0,0.0,0.0,4506.0,0.0
1000.0,10.123,63.0,2.0,0.0,0.0,0.0,4506.0,0.0
1000.0,10.124,63.0,2.0,0.0,0.0,0.0,4506.0,0.0
1000.0,10.125,63.0,2.0,0.0,0.0,0.0,4506.0,0.0
1000.0,10.126,63.0,2.0,0.0,0.0,0.0,4506.0,0.0
1000.0,10.127,63.0,2.0,0.0,0.0,0.0,4506.0,0.0
1000.0,10.128,63.0,2.0,0.0,0.0,0.0,4506.0,0.0
1000.0,10.129,63.0,2.0,0.0,0.0,0.0,4506.0,0.0
1000.0,10.13,63.0,2.0,0.0,0.0,0.0,4506.0,0.0
1000.0,10.131,62.0,3.0,0.0,0.0,0.0,4506.0,0.0
1000.0,10.132,62.0,3.0,0.0,0.0,0.0,4506.0,0.0
1000.0,10.133000000000001,62.0,3.0,0.0,0.0,0.0,4506.0,0.0
1000.0,10.134,62.0,3.0,0.0,0.0,0.0,4506.0,0.0
1000.0,10.135,62.0,3.0,0.0,0.0,0.0,4506.0,0.0
1000.0,10.136000000000001,62.0,3.0,0.0,0.0,0.0,4506.0,0.0
1000.0,10.137,61.0,4.0,0.0,0.0,0.0,4506.0,0.0
1000.0,10.138,61.0,4.0,0.0,0.0,0.0,4506.0,0.0
1000.0,10.139,61.0,4.0,0.0,0.0,0.0,4506.0,0.0
1000.0,10.14,61.0,4.0,0.0,0.0,0.0,4506.0,0.0
1000.0,10.141,61.0,4.0,0.0,0.0,0.0,4506.0,0.0
1000.0,10.142,61.0,4.0,0.0,0.0,0.0,4506.0,0.0
1000.0,10.143,61.0,4.0,0.0,0.0,0.0,4506.0,0.0
1000.0,10.144,61.0,4.0,0.0,0.0,0.0,4506.0,0.0
1000.0,10.145,62.0,3.0,0.0,0.0,0.0,4506.0,0.0
1000.0,10.146,62.0,3.0,0.0,0.0,0.0,4506.0,0.0
1000.0,10.147,62.0,3.0,0.0,0.0,0.0,4506.0,0.0
1000.0,10.148,62.0,3.0,0.0,0.0,0.0,4506.0,0.0
1000.0,10.149000000000001,62.0,3.0,0.0,0.0,0.0,4506.0,0.0
1000.0,10.15,62.0,3.0,0.0,0.0,0.0,4506.0,0.0
1000.0,10.151,62.0,3.0,0.0,0.0,0.0,4506.0,0.0
1000.0,10.152000000000001,62.0,3.0,0.0,0.0,0.0,4506.0,0.0
1000.0,10.153,62.0,3.0,0.0,0.0,0.0,4506.0,0.0
1000.0,10.154,62.0,3.0,0.0,0.0,0.0,4506.0,0.0
1000.0,10.155,61.0,4.0,0.0,0.0,0.0,4506.0,0.0
1000.0,10.156,59.0,6.0,0.0,0.0,0.0,4506.0,0.0
1000.0,10.157,59.0,6.0,0.0,0.0,0.0,4506.0,0.0
1000.0,10.158,59.0,6.0,0.0,0.0,0.0,4506.0,0.0
1000.0,10.159,59.0,6.0,0.0,0.0,0.0,4506.0,0.0
1000.0,10.16,59.0,6.0,0.0,0.0,0.0,4506.0,0.0
1000.0,10.161,59.0,6.0,0.0,0.0,0.0,4506.0,0.0
1000.0,10.162,59.0,6.0,0.0,0.0,0.0,4506.0,0.0
1000.0,10.163,58.0,7.0,0.0,0.0,0.0,4506.0,0.0
1000.0,10.164,58.0,7.0,0.0,0.0,0.0,4506.0,0.0
1000.0,10.165000000000001,58.0,7.0,0.0,0.0,0.0,4506.0,0.0
1000.0,10.166,58.0,7.0,0.0,0.0,0.0,4506.0,0.0
1000.0,10.167,58.0,7.0,0.0,0.0,0.0,4506.0,0.0
1000.0,10.168000000000001,58.0,7.0,0.0,0.0,0.0,4506.0,0.0
1000.0,10.169,58.0,7.0,0.0,0.0,0.0,4506.0,0.0
1000.0,10.17,58.0,7.0,0.0,0.0,0.0,4506.0,0.0
1000.0,10.171,58.0,7.0,0.0,0.0,0.0,4506.0,0.0
1000.0,10.172,58.0,7.0,0.0,0.0,0.0,4506.0,0.0
1000.0,10.173,58.0,7.0,0.0,0.0,0.0,4506.0,0.0
1000.0,10.174,59.0,6.0,0.0,0.0,0.0,4506.0,0.0
1000.0,10.175,58.0,7.0,0.0,0.0,0.0,4506.0,0.0
1000.0,10.176,58.0,7.0,0.0,0.0,0.0,4506.0,0.0
1000.0,10.177,58.0,7.0,0.0,0.0,0.0,4506.0,0.0
1000.0,10.178,58.0,7.0,0.0,0.0,0.0,4506.0,0.0
1000.0,10.179,58.0,7.0,0.0,0.0,0.0,4506.0,0.0
1000.0,10.18,59.0,6.0,0.0,0.0,0.0,4506.0,0.0
1000.0,10.181000000000001,59.0,6.0,0.0,0.0,0.0,4506.0,0.0
1000.0,10.182,59.0,6.0,0.0,0.0,0.0,4506.0,0.0
1000.0,10.183,59.0,6.0,0.0,0.0,0.0,4506.0,0.0
1000.0,10.184000000000001,59.0,6.0,0.0,0.0,0.0,4506.0,0.0
1000.0,10.185,58.0,7.0,0.0,0.0,0.0,4506.0,0.0
1000.0,10.186,58.0,7.0,0.0,0.0,0.0,4506.0,0.0
1000.0,10.187,58.0,7.0,0.0,0.0,0.0,4506.0,0.0
1000.0,10.188,58.0,7.0,0.0,0.0,0.0,4506.0,0.0
1000.0,10.189,58.0,7.0,0.0,0.0,0.0,4506.0,0.0
1000.0,10.19,58.0,7.0,0.0,0.0,0.0,4506.0,0.0
1000.0,10.191,58.0,7.0,0.0,0.0,0.0,4506.0,0.0
1000.0,10.192,58.0,7.0,0.0,0.0,0.0,4506.0,0.0
1000.0,10.193,57.0,8.0,0.0,0.0,0.0,4506.0,0.0
1000.0,10.194,57.0,8.0,0.0,0.0,0.0,4506.0,0.0
1000.0,10.195,56.0,9.0,0.0,0.0,0.0,4506.0,0.0
1000.0,10.196,57.0,8.0,0.0,0.0,0.0,4506.0,0.0
1000.0,10.197000000000001,56.0,9.0,0.0,0.0,0.0,4506.0,0.0
1000.0,10.198,56.0,9.0,0.0,0.0,0.0,4506.0,0.0
1000.0,10.199,56.0,9.0,0.0,0.0,0.0,4506.0,0.0
1000.0,10.200000000000001,56.0,9.0,0.0,0.0,0.0,4506.0,0.0
1000.0,10.201,56.0,9.0,0.0,0.0,0.0,4506.0,0.0
1000.0,10.202,56.0,9.0,0.0,0.0,0.0,4506.0,0.0
1000.0,10.203,56.0,9.0,0.0,0.0,0.0,4506.0,0.0
1000.0,10.204,56.0,9.0,0.0,0.0,0.0,4506.0,0.0
1000.0,10.205,57.0,8.0,0.0,0.0,0.0,4506.0,0.0
1000.0,10.206,58.0,7.0,0.0,0.0,0.0,4506.0,0.0
1000.0,10.207,58.0,7.0,0.0,0.0,0.0,4506.0,0.0
1000.0,10.208,57.0,8.0,0.0,0.0,0.0,4506.0,0.0
1000.0,10.209,57.0,8.0,0.0,0.0,0.0,4506.0,0.0
1000.0,10.21,56.0,9.0,0.0,0.0,0.0,4506.0,0.0
1000.0,10.211,56.0,9.0,0.0,0.0,0.0,4506.0,0.0
1000.0,10.212,56.0,9.0,0.0,0.0,0.0,4506.0,0.0
1000.0,10.213000000000001,56.0,9.0,0.0,0.0,0.0,4506.0,0.0
1000.0,10.214,56.0,9.0,0.0,0.0,0.0,4506.0,0.0
1000.0,10.215,56.0,9.0,0.0,0.0,0.0,4506.0,0.0
1000.0,10.216000000000001,56.0,9.0,0.0,0.0,0.0,4506.0,0.0
1000.0,10.217,56.0,9.0,0.0,0.0,0.0,4506.0,0.0
1000.0,10.218,56.0,9.0,0.0,0.0,0.0,4506.0,0.0
1000.0,10.219,57.0,8.0,0.0,0.0,0.0,4506.0,0.0
1000.0,10.22,57.0,8.0,0.0,0.0,0.0,4506.0,0.0
1000.0,10.221,57.0,8.0,0.0,0.0,0.0,4506.0,0.0
1000.0,10.222,58.0,7.0,0.0,0.0,0.0,4506.0,0.0
1000.0,10.223,58.0,7.0,0.0,0.0,0.0,4506.0,0.0
1000.0,10.224,58.0,7.0,0.0,0.0,0.0,4506.0,0.0
1000.0,10.225,58.0,7.0,0.0,0.0,0.0,4506.0,0.0
1000.0,10.226,58.0,7.0,0.0,0.0,0.0,4506.0,0.0
1000.0,10.227,58.0,7.0,0.0,0.0,0.0,4506.0,0.0
1000.0,10.228,58.0,7.0,0.0,0.0,0.0,4506.0,0.0
1000.0,10.229000000000001,58.0,7.0,0.0,0.0,0.0,4506.0,0.0
1000.0,10.23,59.0,6.0,0.0,0.0,0.0,4506.0,0.0
1000.0,10.231,59.0,6.0,0.0,0.0,0.0,4506.0,0.0
1000.0,10.232000000000001,59.0,6.0,0.0,0.0,0.0,4506.0,0.0
1000.0,10.233,59.0,6.0,0.0,0.0,0.0,4506.0,0.0
1000.0,10.234,59.0,6.0,0.0,0.0,0.0,4506.0,0.0
1000.0,10.235,59.0,6.0,0.0,0.0,0.0,4506.0,0.0
1000.0,10.236,59.0,6.0,0.0,0.0,0.0,4506.0,0.0
1000.0,10.237,59.0,6.0,0.0,0.0,0.0,4506.0,0.0
1000.0,10.238,59.0,6.0,0.0,0.0,0.0,4506.0,0.0
1000.0,10.239,59.0,6.0,0.0,0.0,0.0,4506.0,0.0
1000.0,10.24,59.0,6.0,0.0,0.0,0.0,4506.0,0.0
1000.0,10.241,59.0,6.0,0.0,0.0,0.0,4506.0,0.0
1000.0,10.242,59.0,6.0,0.0,0.0,0.0,4506.0,0.0
1000.0,10.243,59.0,6.0,0.0,0.0,0.0,4506.0,0.0
1000.0,10.244,59.0,6.0,0.0,0.0,0.0,4506.0,0.0
1000.0,10.245000000000001,59.0,6.0,0.0,0.0,0.0,4506.0,0.0
1000.0,10.246,59.0,6.0,0.0,0.0,0.0,4506.0,0.0
1000.0,10.247,58.0,7.0,0.0,0.0,0.0,4506.0,0.0
1000.0,10.248,58.0,7.0,0.0,0.0,0.0,4506.0,0.0
1000.0,10.249,59.0,6.0,0.0,0.0,0.0,4506.0,0.0
1000.0,10.25,59.0,6.0,0.0,0.0,0.0,4506.0,0.0
1000.0,10.251,59.0,6.0,0.0,0.0,0.0,4506.0,0.0
1000.0,10.252,59.0,6.0,0.0,0.0,0.0,4506.0,0.0
1000.0,10.253,59.0,6.0,0.0,0.0,0.0,4506.0,0.0
1000.0,10.254,59.0,6.0,0.0,0.0,0.0,4506.0,0.0
1000.0,10.255,59.0,6.0,0.0,0.0,0.0,4506.0,0.0
1000.0,10.256,59.0,6.0,0.0,0.0,0.0,4506.0,0.0
1000.0,10.257,60.0,5.0,0.0,0.0,0.0,4506.0,0.0
1000.0,10.258000000000001,60.0,5.0,0.0,0.0,0.0,4506.0,0.0
1000.0,10.259,61.0,4.0,0.0,0.0,0.0,4506.0,0.0
1000.0,10.26,61.0,4.0,0.0,0.0,0.0,4506.0,0.0
1000.0,10.261000000000001,61.0,4.0,0.0,0.0,0.0,4506.0,0.0
1000.0,10.262,61.0,4.0,0.0,0.0,0.0,4506.0,0.0
1000.0,10.263,62.0,3.0,0.0,0.0,0.0,4506.0,0.0
1000.0,10.264,62.0,3.0,0.0,0.0,0.0,4506.0,0.0
1000.0,10.265,63.0,2.0,0.0,0.0,0.0,4506.0,0.0
1000.0,10.266,63.0,2.0,0.0,0.0,0.0,4506.0,0.0
1000.0,10.267,63.0,2.0,0.0,0.0,0.0,4506.0,0.0
1000.0,10.268,62.0,3.0,0.0,0.0,0.0,4506.0,0.0
1000.0,10.269,62.0,3.0,0.0,0.0,0.0,4506.0,0.0
1000.0,10.27,62.0,3.0,0.0,0.0,0.0,4506.0,0.0
1000.0,10.271,62.0,3.0,0.0,0.0,0.0,4506.0,0.0
1000.0,10.272,62.0,3.0,0.0,0.0,0.0,4506.0,0.0
1000.0,10.273,61.0,4.0,0.0,0.0,0.0,4506.0,0.0
1000.0,10.274000000000001,61.0,4.0,0.0,0.0,0.0,4506.0,0.0
1000.0,10.275,61.0,4.0,0.0,0.0,0.0,4506.0,0.0
1000.0,10.276,61.0,4.0,0.0,0.0,0.0,4506.0,0.0
1000.0,10.277000000000001,61.0,4.0,0.0,0.0,0.0,4506.0,0.0
1000.0,10.278,61.0,4.0,0.0,0.0,0.0,4506.0,0.0
1000.0,10.279,61.0,4.0,0.0,0.0,0.0,4506.0,0.0
1000.0,10.28,61.0,4.0,0.0,0.0,0.0,4506.0,0.0
1000.0,10.281,61.0,4.0,0.0,0.0,0.0,4506.0,0.0
1000.0,10.282,61.0,4.0,0.0,0.0,0.0,4506.0,0.0
1000.0,10.283,61.0,4.0,0.0,0.0,0.0,4506.0,0.0
1000.0,10.284,61.0,4.0,0.0,0.0,0.0,4506.0,0.0
1000.0,10.285,61.0,4.0,0.0,0.0,0.0,4506.0,0.0
1000.0,10.286,61.0,4.0,0.0,0.0,0.0,4506.0,0.0
1000.0,10.287,61.0,4.0,0.0,0.0,0.0,4506.0,0.0
1000.0,10.288,61.0,4.0,0.0,0.0,0.0,4506.0,0.0
1000.0,10.289,61.0,4.0,0.0,0.0,0.0,4506.0,0.0
1000.0,10.290000000000001,61.0,4.0,0.0,0.0,0.0,4506.0,0.0
1000.0,10.291,61.0,4.0,0.0,0.0,0.0,4506.0,0.0
1000.0,10.292,61.0,4.0,0.0,0.0,0.0,4506.0,0.0
1000.0,10.293000000000001,61.0,4.0,0.0,0.0,0.0,4506.0,0.0
1000.0,10.294,61.0,4.0,0.0,0.0,0.0,4506.0,0.0
1000.0,10.295,61.0,4.0,0.0,0.0,0.0,4506.0,0.0
1000.0,10.296,61.0,4.0,0.0,0.0,0.0,4506.0,0.0
1000.0,10.297,61.0,4.0,0.0,0.0,0.0,4506.0,0.0
1000.0,10.298,61.0,4.0,0.0,0.0,0.0,4506.0,0.0
1000.0,10.299,61.0,4.0,0.0,0.0,0.0,4506.0,0.0
1000.0,10.3,61.0,4.0,0.0,0.0,0.0,4506.0,0.0
1000.0,10.301,61.0,4.0,0.0,0.0,0.0,4506.0,0.0
1000.0,10.302,61.0,4.0,0.0,0.0,0.0,4506.0,0.0
1000.0,10.303,61.0,4.0,0.0,0.0,0.0,4506.0,0.0
1000.0,10.304,61.0,4.0,0.0,0.0,0.0,4506.0,0.0
1000.0,10.305,61.0,4.0,0.0,0.0,0.0,4506.0,0.0
1000.0,10.306000000000001,61.0,4.0,0.0,0.0,0.0,4506.0,0.0
1000.0,10.307,61.0,4.0,0.0,0.0,0.0,4506.0,0.0
1000.0,10.308,61.0,4.0,0.0,0.0,0.0,4506.0,0.0
1000.0,10.309000000000001,61.0,4.0,0.0,0.0,0.0,4506.0,0.0
1000.0,10.31,61.0,4.0,0.0,0.0,0.0,4506.0,0.0
1000.0,10.311,61.0,4.0,0.0,0.0,0.0,4506.0,0.0
1000.0,10.312,61.0,4.0,0.0,0.0,0.0,4506.0,0.0
1000.0,10.313,61.0,4.0,0.0,0.0,0.0,4506.0,0.0
1000.0,10.314,61.0,4.0,0.0,0.0,0.0,4506.0,0.0
1000.0,10.315,60.0,5.0,0.0,0.0,0.0,4506.0,0.0
1000.0,10.316,60.0,5.0,0.0,0.0,0.0,4506.0,0.0
1000.0,10.317,60.0,5.0,0.0,0.0,0.0,4506.0,0.0
1000.0,10.318,61.0,4.0,0.0,0.0,0.0,4506.0,0.0
1000.0,10.319,61.0,4.0,0.0,0.0,0.0,4506.0,0.0
1000.0,10.32,61.0,4.0,0.0,0.0,0.0,4506.0,0.0
1000.0,10.321,61.0,4.0,0.0,0.0,0.0,4506.0,0.0
1000.0,10.322000000000001,61.0,4.0,0.0,0.0,0.0,4506.0,0.0
1000.0,10.323,61.0,4.0,0.0,0.0,0.0,4506.0,0.0
1000.0,10.324,61.0,4.0,0.0,0.0,0.0,4506.0,0.0
1000.0,10.325000000000001,61.0,4.0,0.0,0.0,0.0,4506.0,0.0
1000.0,10.326,61.0,4.0,0.0,0.0,0.0,4506.0,0.0
1000.0,10.327,61.0,4.0,0.0,0.0,0.0,4506.0,0.0
1000.0,10.328,63.0,2.0,0.0,0.0,0.0,4506.0,0.0
1000.0,10.329,63.0,2.0,0.0,0.0,0.0,4506.0,0.0
1000.0,10.33,63.0,2.0,0.0,0.0,0.0,4506.0,0.0
1000.0,10.331,63.0,2.0,0.0,0.0,0.0,4506.0,0.0
1000.0,10.332,63.0,2.0,0.0,0.0,0.0,4506.0,0.0
1000.0,10.333,63.0,2.0,0.0,0.0,0.0,4506.0,0.0
1000.0,10.334,63.0,2.0,0.0,0.0,0.0,4506.0,0.0
1000.0,10.335,63.0,2.0,0.0,0.0,0.0,4506.0,0.0
1000.0,10.336,62.0,3.0,0.0,0.0,0.0,4506.0,0.0
1000.0,10.337,62.0,3.0,0.0,0.0,0.0,4506.0,0.0
1000.0,10.338000000000001,62.0,3.0,0.0,0.0,0.0,4506.0,0.0
1000.0,10.339,62.0,3.0,0.0,0.0,0.0,4506.0,0.0
1000.0,10.34,62.0,3.0,0.0,0.0,0.0,4506.0,0.0
1000.0,10.341000000000001,62.0,3.0,0.0,0.0,0.0,4506.0,0.0
1000.0,10.342,62.0,3.0,0.0,0.0,0.0,4506.0,0.0
1000.0,10.343,62.0,3.0,0.0,0.0,0.0,4506.0,0.0
1000.0,10.344,62.0,3.0,0.0,0.0,0.0,4506.0,0.0
1000.0,10.345,62.0,3.0,0.0,0.0,0.0,4506.0,0.0
1000.0,10.346,63.0,2.0,0.0,0.0,0.0,4506.0,0.0
1000.0,10.347,63.0,2.0,0.0,0.0,0.0,4506.0,0.0
1000.0,10.348,63.0,2.0,0.0,0.0,0.0,4506.0,0.0
1000.0,10.349,63.0,2.0,0.0,0.0,0.0,4506.0,0.0
1000.0,10.35,63.0,2.0,0.0,0.0,0.0,4506.0,0.0
1000.0,10.351,63.0,2.0,0.0,0.0,0.0,4506.0,0.0
1000.0,10.352,63.0,2.0,0.0,0.0,0.0,4506.0,0.0
1000.0,10.353,63.0,2.0,0.0,0.0,0.0,4506.0,0.0
1000.0,10.354000000000001,63.0,2.0,0.0,0.0,0.0,4506.0,0.0
1000.0,10.355,63.0,2.0,0.0,0.0,0.0,4506.0,0.0
1000.0,10.356,63.0,2.0,0.0,0.0,0.0,4506.0,0.0
1000.0,10.357000000000001,63.0,2.0,0.0,0.0,0.0,4506.0,0.0
1000.0,10.358,63.0,2.0,0.0,0.0,0.0,4506.0,0.0
1000.0,10.359,63.0,2.0,0.0,0.0,0.0,4506.0,0.0
1000.0,10.36,63.0,2.0,0.0,0.0,0.0,4506.0,0.0
1000.0,10.361,63.0,2.0,0.0,0.0,0.0,4506.0,0.0
1000.0,10.362,64.0,1.0,0.0,0.0,0.0,4506.0,0.0
1000.0,10.363,64.0,1.0,0.0,0.0,0.0,4506.0,0.0
1000.0,10.364,63.0,2.0,0.0,0.0,0.0,4506.0,0.0
1000.0,10.365,63.0,2.0,0.0,0.0,0.0,4506.0,0.0
1000.0,10.366,63.0,2.0,0.0,0.0,0.0,4506.0,0.0
1000.0,10.367,63.0,2.0,0.0,0.0,0.0,4506.0,0.0
1000.0,10.368,63.0,2.0,0.0,0.0,0.0,4506.0,0.0
1000.0,10.369,63.0,2.0,0.0,0.0,0.0,4506.0,0.0
1000.0,10.370000000000001,64.0,1.0,0.0,0.0,0.0,4506.0,0.0
1000.0,10.371,64.0,1.0,0.0,0.0,0.0,4506.0,0.0
1000.0,10.372,64.0,1.0,0.0,0.0,0.0,4506.0,0.0
1000.0,10.373,64.0,1.0,0.0,0.0,0.0,4506.0,0.0
1000.0,10.374,64.0,1.0,0.0,0.0,0.0,4506.0,0.0
1000.0,10.375,64.0,1.0,0.0,0.0,0.0,4506.0,0.0
1000.0,10.376,64.0,1.0,0.0,0.0,0.0,4506.0,0.0
1000.0,10.377,64.0,1.0,0.0,0.0,0.0,4506.0,0.0
1000.0,10.378,64.0,1.0,0.0,0.0,0.0,4506.0,0.0
1000.0,10.379,64.0,1.0,0.0,0.0,0.0,4506.0,0.0
1000.0,10.38,64.0,1.0,0.0,0.0,0.0,4506.0,0.0
1000.0,10.381,64.0,1.0,0.0,0.0,0.0,4506.0,0.0
1000.0,10.382,64.0,1.0,0.0,0.0,0.0,4506.0,0.0
1000.0,10.383000000000001,63.0,2.0,0.0,0.0,0.0,4506.0,0.0
1000.0,10.384,63.0,2.0,0.0,0.0,0.0,4506.0,0.0
1000.0,10.385,63.0,2.0,0.0,0.0,0.0,4506.0,0.0
1000.0,10.386000000000001,63.0,2.0,0.0,0.0,0.0,4506.0,0.0
1000.0,10.387,63.0,2.0,0.0,0.0,0.0,4506.0,0.0
1000.0,10.388,62.0,3.0,0.0,0.0,0.0,4506.0,0.0
1000.0,10.389,62.0,3.0,0.0,0.0,0.0,4506.0,0.0
1000.0,10.39,62.0,3.0,0.0,0.0,0.0,4506.0,0.0
1000.0,10.391,62.0,3.0,0.0,0.0,0.0,4506.0,0.0
1000.0,10.392,62.0,3.0,0.0,0.0,0.0,4506.0,0.0
1000.0,10.393,62.0,3.0,0.0,0.0,0.0,4506.0,0.0
1000.0,10.394,62.0,3.0,0.0,0.0,0.0,4506.0,0.0
1000.0,10.395,62.0,3.0,0.0,0.0,0.0,4506.0,0.0
1000.0,10.396,62.0,3.0,0.0,0.0,0.0,4506.0,0.0
1000.0,10.397,62.0,3.0,0.0,0.0,0.0,4506.0,0.0
1000.0,10.398,62.0,3.0,0.0,0.0,0.0,4506.0,0.0
1000.0,10.399000000000001,62.0,3.0,0.0,0.0,0.0,4506.0,0.0
1000.0,10.4,62.0,3.0,0.0,0.0,0.0,4506.0,0.0
1000.0,10.401,62.0,3.0,0.0,0.0,0.0,4506.0,0.0
1000.0,10.402000000000001,62.0,3.0,0.0,0.0,0.0,4506.0,0.0
1000.0,10.403,62.0,3.0,0.0,0.0,0.0,4506.0,0.0
1000.0,10.404,62.0,3.0,0.0,0.0,0.0,4506.0,0.0
1000.0,10.405,62.0,3.0,0.0,0.0,0.0,4506.0,0.0
1000.0,10.406,62.0,3.0,0.0,0.0,0.0,4506.0,0.0
1000.0,10.407,62.0,3.0,0.0,0.0,0.0,4506.0,0.0
1000.0,10.408,61.0,4.0,0.0,0.0,0.0,4506.0,0.0
1000.0,10.409,61.0,4.0,0.0,0.0,0.0,4506.0,0.0
1000.0,10.41,61.0,4.0,0.0,0.0,0.0,4506.0,0.0
1000.0,10.411,61.0,4.0,0.0,0.0,0.0,4506.0,0.0
1000.0,10.412,61.0,4.0,0.0,0.0,0.0,4506.0,0.0
1000.0,10.413,61.0,4.0,0.0,0.0,0.0,4506.0,0.0
1000.0,10.414,61.0,4.0,0.0,0.0,0.0,4506.0,0.0
1000.0,10.415000000000001,61.0,4.0,0.0,0.0,0.0,4506.0,0.0
1000.0,10.416,61.0,4.0,0.0,0.0,0.0,4506.0,0.0
1000.0,10.417,61.0,4.0,0.0,0.0,0.0,4506.0,0.0
1000.0,10.418000000000001,61.0,4.0,0.0,0.0,0.0,4506.0,0.0
1000.0,10.419,61.0,4.0,0.0,0.0,0.0,4506.0,0.0
1000.0,10.42,61.0,4.0,0.0,0.0,0.0,4506.0,0.0
1000.0,10.421,61.0,4.0,0.0,0.0,0.0,4506.0,0.0
1000.0,10.422,61.0,4.0,0.0,0.0,0.0,4506.0,0.0
1000.0,10.423,61.0,4.0,0.0,0.0,0.0,4506.0,0.0
1000.0,10.424,61.0,4.0,0.0,0.0,0.0,4506.0,0.0
1000.0,10.425,61.0,4.0,0.0,0.0,0.0,4506.0,0.0
1000.0,10.426,61.0,4.0,0.0,0.0,0.0,4506.0,0.0
1000.0,10.427,61.0,4.0,0.0,0.0,0.0,4506.0,0.0
1000.0,10.428,61.0,4.0,0.0,0.0,0.0,4506.0,0.0
1000.0,10.429,61.0,4.0,0.0,0.0,0.0,4506.0,0.0
1000.0,10.43,61.0,4.0,0.0,0.0,0.0,4506.0,0.0
1000.0,10.431000000000001,61.0,4.0,0.0,0.0,0.0,4506.0,0.0
1000.0,10.432,61.0,4.0,0.0,0.0,0.0,4506.0,0.0
1000.0,10.433,61.0,4.0,0.0,0.0,0.0,4506.0,0.0
1000.0,10.434000000000001,61.0,4.0,0.0,0.0,0.0,4506.0,0.0
1000.0,10.435,62.0,3.0,0.0,0.0,0.0,4506.0,0.0
1000.0,10.436,62.0,3.0,0.0,0.0,0.0,4506.0,0.0
1000.0,10.437,62.0,3.0,0.0,0.0,0.0,4506.0,0.0
1000.0,10.438,62.0,3.0,0.0,0.0,0.0,4506.0,0.0
1000.0,10.439,62.0,3.0,0.0,0.0,0.0,4506.0,0.0
1000.0,10.44,62.0,3.0,0.0,0.0,0.0,4506.0,0.0
1000.0,10.441,62.0,3.0,0.0,0.0,0.0,4506.0,0.0
1000.0,10.442,62.0,3.0,0.0,0.0,0.0,4506.0,0.0
1000.0,10.443,62.0,3.0,0.0,0.0,0.0,4506.0,0.0
1000.0,10.444,61.0,4.0,0.0,0.0,0.0,4506.0,0.0
1000.0,10.445,61.0,4.0,0.0,0.0,0.0,4506.0,0.0
1000.0,10.446,62.0,3.0,0.0,0.0,0.0,4506.0,0.0
1000.0,10.447000000000001,62.0,3.0,0.0,0.0,0.0,4506.0,0.0
1000.0,10.448,62.0,3.0,0.0,0.0,0.0,4506.0,0.0
1000.0,10.449,62.0,3.0,0.0,0.0,0.0,4506.0,0.0
1000.0,10.450000000000001,62.0,3.0,0.0,0.0,0.0,4506.0,0.0
1000.0,10.451,63.0,2.0,0.0,0.0,0.0,4506.0,0.0
1000.0,10.452,63.0,2.0,0.0,0.0,0.0,4506.0,0.0
1000.0,10.453,63.0,2.0,0.0,0.0,0.0,4506.0,0.0
1000.0,10.454,63.0,2.0,0.0,0.0,0.0,4506.0,0.0
1000.0,10.455,63.0,2.0,0.0,0.0,0.0,4506.0,0.0
1000.0,10.456,63.0,2.0,0.0,0.0,0.0,4506.0,0.0
1000.0,10.457,63.0,2.0,0.0,0.0,0.0,4506.0,0.0
1000.0,10.458,63.0,2.0,0.0,0.0,0.0,4506.0,0.0
1000.0,10.459,63.0,2.0,0.0,0.0,0.0,4506.0,0.0
1000.0,10.46,63.0,2.0,0.0,0.0,0.0,4506.0,0.0
1000.0,10.461,63.0,2.0,0.0,0.0,0.0,4506.0,0.0
1000.0,10.462,63.0,2.0,0.0,0.0,0.0,4506.0,0.0
1000.0,10.463000000000001,63.0,2.0,0.0,0.0,0.0,4506.0,0.0
1000.0,10.464,63.0,2.0,0.0,0.0,0.0,4506.0,0.0
1000.0,10.465,63.0,2.0,0.0,0.0,0.0,4506.0,0.0
1000.0,10.466000000000001,63.0,2.0,0.0,0.0,0.0,4506.0,0.0
1000.0,10.467,63.0,2.0,0.0,0.0,0.0,4506.0,0.0
1000.0,10.468,63.0,2.0,0.0,0.0,0.0,4506.0,0.0
1000.0,10.469,63.0,2.0,0.0,0.0,0.0,4506.0,0.0
1000.0,10.47,63.0,2.0,0.0,0.0,0.0,4506.0,0.0
1000.0,10.471,63.0,2.0,0.0,0.0,0.0,4506.0,0.0
1000.0,10.472,62.0,3.0,0.0,0.0,0.0,4506.0,0.0
1000.0,10.473,62.0,3.0,0.0,0.0,0.0,4506.0,0.0
1000.0,10.474,62.0,3.0,0.0,0.0,0.0,4506.0,0.0
1000.0,10.475,62.0,3.0,0.0,0.0,0.0,4506.0,0.0
1000.0,10.476,61.0,4.0,0.0,0.0,0.0,4506.0,0.0
1000.0,10.477,61.0,4.0,0.0,0.0,0.0,4506.0,0.0
1000.0,10.478,60.0,5.0,0.0,0.0,0.0,4506.0,0.0
1000.0,10.479000000000001,60.0,5.0,0.0,0.0,0.0,4506.0,0.0
1000.0,10.48,60.0,5.0,0.0,0.0,0.0,4506.0,0.0
1000.0,10.481,59.0,6.0,0.0,0.0,0.0,4506.0,0.0
1000.0,10.482000000000001,59.0,6.0,0.0,0.0,0.0,4506.0,0.0
1000.0,10.483,59.0,6.0,0.0,0.0,0.0,4506.0,0.0
1000.0,10.484,59.0,6.0,0.0,0.0,0.0,4506.0,0.0
1000.0,10.485,59.0,6.0,0.0,0.0,0.0,4506.0,0.0
1000.0,10.486,58.0,7.0,0.0,0.0,0.0,4506.0,0.0
1000.0,10.487,58.0,7.0,0.0,0.0,0.0,4506.0,0.0
1000.0,10.488,58.0,7.0,0.0,0.0,0.0,4506.0,0.0
1000.0,10.489,58.0,7.0,0.0,0.0,0.0,4506.0,0.0
1000.0,10.49,58.0,7.0,0.0,0.0,0.0,4506.0,0.0
1000.0,10.491,58.0,7.0,0.0,0.0,0.0,4506.0,0.0
1000.0,10.492,58.0,7.0,0.0,0.0,0.0,4506.0,0.0
1000.0,10.493,57.0,8.0,0.0,0.0,0.0,4506.0,0.0
1000.0,10.494,57.0,8.0,0.0,0.0,0.0,4506.0,0.0
1000.0,10.495000000000001,57.0,8.0,0.0,0.0,0.0,4506.0,0.0
1000.0,10.496,57.0,8.0,0.0,0.0,0.0,4506.0,0.0
1000.0,10.497,57.0,8.0,0.0,0.0,0.0,4506.0,0.0
1000.0,10.498,57.0,8.0,0.0,0.0,0.0,4506.0,0.0
1000.0,10.499,57.0,8.0,0.0,0.0,0.0,4506.0,0.0
1000.0,10.5,57.0,8.0,0.0,0.0,0.0,4506.0,0.0
1000.0,10.501,57.0,8.0,0.0,0.0,0.0,4506.0,0.0
1000.0,10.502,57.0,8.0,0.0,0.0,0.0,4506.0,0.0
1000.0,10.503,58.0,7.0,0.0,0.0,0.0,4506.0,0.0
1000.0,10.504,58.0,7.0,0.0,0.0,0.0,4506.0,0.0
1000.0,10.505,58.0,7.0,0.0,0.0,0.0,4506.0,0.0
1000.0,10.506,58.0,7.0,0.0,0.0,0.0,4506.0,0.0
1000.0,10.507,58.0,7.0,0.0,0.0,0.0,4506.0,0.0
1000.0,10.508000000000001,58.0,7.0,0.0,0.0,0.0,4506.0,0.0
1000.0,10.509,58.0,7.0,0.0,0.0,0.0,4506.0,0.0
1000.0,10.51,59.0,6.0,0.0,0.0,0.0,4506.0,0.0
1000.0,10.511000000000001,60.0,5.0,0.0,0.0,0.0,4506.0,0.0
1000.0,10.512,60.0,5.0,0.0,0.0,0.0,4506.0,0.0
1000.0,10.513,60.0,5.0,0.0,0.0,0.0,4506.0,0.0
1000.0,10.514,60.0,5.0,0.0,0.0,0.0,4506.0,0.0
1000.0,10.515,60.0,5.0,0.0,0.0,0.0,4506.0,0.0
1000.0,10.516,60.0,5.0,0.0,0.0,0.0,4506.0,0.0
1000.0,10.517,60.0,5.0,0.0,0.0,0.0,4506.0,0.0
1000.0,10.518,60.0,5.0,0.0,0.0,0.0,4506.0,0.0
1000.0,10.519,60.0,5.0,0.0,0.0,0.0,4506.0,0.0
1000.0,10.52,60.0,5.0,0.0,0.0,0.0,4506.0,0.0
1000.0,10.521,60.0,5.0,0.0,0.0,0.0,4506.0,0.0
1000.0,10.522,60.0,5.0,0.0,0.0,0.0,4506.0,0.0
1000.0,10.523,60.0,5.0,0.0,0.0,0.0,4506.0,0.0
1000.0,10.524000000000001,61.0,4.0,0.0,0.0,0.0,4506.0,0.0
1000.0,10.525,61.0,4.0,0.0,0.0,0.0,4506.0,0.0
1000.0,10.526,61.0,4.0,0.0,0.0,0.0,4506.0,0.0
1000.0,10.527000000000001,61.0,4.0,0.0,0.0,0.0,4506.0,0.0
1000.0,10.528,61.0,4.0,0.0,0.0,0.0,4506.0,0.0
1000.0,10.529,61.0,4.0,0.0,0.0,0.0,4506.0,0.0
1000.0,10.53,61.0,4.0,0.0,0.0,0.0,4506.0,0.0
1000.0,10.531,61.0,4.0,0.0,0.0,0.0,4506.0,0.0
1000.0,10.532,61.0,4.0,0.0,0.0,0.0,4506.0,0.0
1000.0,10.533,61.0,4.0,0.0,0.0,0.0,4506.0,0.0
1000.0,10.534,61.0,4.0,0.0,0.0,0.0,4506.0,0.0
1000.0,10.535,61.0,4.0,0.0,0.0,0.0,4506.0,0.0
1000.0,10.536,61.0,4.0,0.0,0.0,0.0,4506.0,0.0
1000.0,10.537,61.0,4.0,0.0,0.0,0.0,4506.0,0.0
1000.0,10.538,61.0,4.0,0.0,0.0,0.0,4506.0,0.0
1000.0,10.539,61.0,4.0,0.0,0.0,0.0,4506.0,0.0
1000.0,10.540000000000001,61.0,4.0,0.0,0.0,0.0,4506.0,0.0
1000.0,10.541,61.0,4.0,0.0,0.0,0.0,4506.0,0.0
1000.0,10.542,61.0,4.0,0.0,0.0,0.0,4506.0,0.0
1000.0,10.543000000000001,61.0,4.0,0.0,0.0,0.0,4506.0,0.0
1000.0,10.544,61.0,4.0,0.0,0.0,0.0,4506.0,0.0
1000.0,10.545,61.0,4.0,0.0,0.0,0.0,4506.0,0.0
1000.0,10.546,61.0,4.0,0.0,0.0,0.0,4506.0,0.0
1000.0,10.547,61.0,4.0,0.0,0.0,0.0,4506.0,0.0
1000.0,10.548,61.0,4.0,0.0,0.0,0.0,4506.0,0.0
1000.0,10.549,61.0,4.0,0.0,0.0,0.0,4506.0,0.0
1000.0,10.55,61.0,4.0,0.0,0.0,0.0,4506.0,0.0
1000.0,10.551,61.0,4.0,0.0,0.0,0.0,4506.0,0.0
1000.0,10.552,61.0,4.0,0.0,0.0,0.0,4506.0,0.0
1000.0,10.553,61.0,4.0,0.0,0.0,0.0,4506.0,0.0
1000.0,10.554,62.0,3.0,0.0,0.0,0.0,4506.0,0.0
1000.0,10.555,62.0,3.0,0.0,0.0,0.0,4506.0,0.0
1000.0,10.556000000000001,63.0,2.0,0.0,0.0,0.0,4506.0,0.0
1000.0,10.557,63.0,2.0,0.0,0.0,0.0,4506.0,0.0
1000.0,10.558,63.0,2.0,0.0,0.0,0.0,4506.0,0.0
1000.0,10.559000000000001,63.0,2.0,0.0,0.0,0.0,4506.0,0.0
1000.0,10.56,63.0,2.0,0.0,0.0,0.0,4506.0,0.0
1000.0,10.561,63.0,2.0,0.0,0.0,0.0,4506.0,0.0
1000.0,10.562,63.0,2.0,0.0,0.0,0.0,4506.0,0.0
1000.0,10.563,63.0,2.0,0.0,0.0,0.0,4506.0,0.0
1000.0,10.564,63.0,2.0,0.0,0.0,0.0,4506.0,0.0
1000.0,10.565,63.0,2.0,0.0,0.0,0.0,4506.0,0.0
1000.0,10.566,63.0,2.0,0.0,0.0,0.0,4506.0,0.0
1000.0,10.567,63.0,2.0,0.0,0.0,0.0,4506.0,0.0
1000.0,10.568,63.0,2.0,0.0,0.0,0.0,4506.0,0.0
1000.0,10.569,63.0,2.0,0.0,0.0,0.0,4506.0,0.0
1000.0,10.57,63.0,2.0,0.0,0.0,0.0,4506.0,0.0
1000.0,10.571,63.0,2.0,0.0,0.0,0.0,4506.0,0.0
1000.0,10.572000000000001,62.0,3.0,0.0,0.0,0.0,4506.0,0.0
1000.0,10.573,61.0,4.0,0.0,0.0,0.0,4506.0,0.0
1000.0,10.574,61.0,4.0,0.0,0.0,0.0,4506.0,0.0
1000.0,10.575000000000001,61.0,4.0,0.0,0.0,0.0,4506.0,0.0
1000.0,10.576,62.0,3.0,0.0,0.0,0.0,4506.0,0.0
1000.0,10.577,62.0,3.0,0.0,0.0,0.0,4506.0,0.0
1000.0,10.578,62.0,3.0,0.0,0.0,0.0,4506.0,0.0
1000.0,10.579,62.0,3.0,0.0,0.0,0.0,4506.0,0.0
1000.0,10.58,62.0,3.0,0.0,0.0,0.0,4506.0,0.0
1000.0,10.581,62.0,3.0,0.0,0.0,0.0,4506.0,0.0
1000.0,10.582,62.0,3.0,0.0,0.0,0.0,4506.0,0.0
1000.0,10.583,62.0,3.0,0.0,0.0,0.0,4506.0,0.0
1000.0,10.584,62.0,3.0,0.0,0.0,0.0,4506.0,0.0
1000.0,10.585,62.0,3.0,0.0,0.0,0.0,4506.0,0.0
1000.0,10.586,62.0,3.0,0.0,0.0,0.0,4506.0,0.0
1000.0,10.587,62.0,3.0,0.0,0.0,0.0,4506.0,0.0
1000.0,10.588000000000001,62.0,3.0,0.0,0.0,0.0,4506.0,0.0
1000.0,10.589,62.0,3.0,0.0,0.0,0.0,4506.0,0.0
1000.0,10.59,62.0,3.0,0.0,0.0,0.0,4506.0,0.0
1000.0,10.591000000000001,62.0,3.0,0.0,0.0,0.0,4506.0,0.0
1000.0,10.592,62.0,3.0,0.0,0.0,0.0,4506.0,0.0
1000.0,10.593,60.0,5.0,0.0,0.0,0.0,4506.0,0.0
1000.0,10.594,60.0,5.0,0.0,0.0,0.0,4506.0,0.0
1000.0,10.595,60.0,5.0,0.0,0.0,0.0,4506.0,0.0
1000.0,10.596,60.0,5.0,0.0,0.0,0.0,4506.0,0.0
1000.0,10.597,60.0,5.0,0.0,0.0,0.0,4506.0,0.0
1000.0,10.598,60.0,5.0,0.0,0.0,0.0,4506.0,0.0
1000.0,10.599,60.0,5.0,0.0,0.0,0.0,4506.0,0.0
1000.0,10.6,60.0,5.0,0.0,0.0,0.0,4506.0,0.0
1000.0,10.601,59.0,6.0,0.0,0.0,0.0,4506.0,0.0
1000.0,10.602,59.0,6.0,0.0,0.0,0.0,4506.0,0.0
1000.0,10.603,59.0,6.0,0.0,0.0,0.0,4506.0,0.0
1000.0,10.604000000000001,58.0,7.0,0.0,0.0,0.0,4506.0,0.0
1000.0,10.605,58.0,7.0,0.0,0.0,0.0,4506.0,0.0
1000.0,10.606,58.0,7.0,0.0,0.0,0.0,4506.0,0.0
1000.0,10.607000000000001,59.0,6.0,0.0,0.0,0.0,4506.0,0.0
1000.0,10.608,59.0,6.0,0.0,0.0,0.0,4506.0,0.0
1000.0,10.609,59.0,6.0,0.0,0.0,0.0,4506.0,0.0
1000.0,10.61,59.0,6.0,0.0,0.0,0.0,4506.0,0.0
1000.0,10.611,59.0,6.0,0.0,0.0,0.0,4506.0,0.0
1000.0,10.612,59.0,6.0,0.0,0.0,0.0,4506.0,0.0
1000.0,10.613,59.0,6.0,0.0,0.0,0.0,4506.0,0.0
1000.0,10.614,59.0,6.0,0.0,0.0,0.0,4506.0,0.0
1000.0,10.615,59.0,6.0,0.0,0.0,0.0,4506.0,0.0
1000.0,10.616,59.0,6.0,0.0,0.0,0.0,4506.0,0.0
1000.0,10.617,60.0,5.0,0.0,0.0,0.0,4506.0,0.0
1000.0,10.618,60.0,5.0,0.0,0.0,0.0,4506.0,0.0
1000.0,10.619,60.0,5.0,0.0,0.0,0.0,4506.0,0.0
1000.0,10.620000000000001,60.0,5.0,0.0,0.0,0.0,4506.0,0.0
1000.0,10.621,60.0,5.0,0.0,0.0,0.0,4506.0,0.0
1000.0,10.622,60.0,5.0,0.0,0.0,0.0,4506.0,0.0
1000.0,10.623000000000001,60.0,5.0,0.0,0.0,0.0,4506.0,0.0
1000.0,10.624,60.0,5.0,0.0,0.0,0.0,4506.0,0.0
1000.0,10.625,59.0,6.0,0.0,0.0,0.0,4506.0,0.0
1000.0,10.626,59.0,6.0,0.0,0.0,0.0,4506.0,0.0
1000.0,10.627,59.0,6.0,0.0,0.0,0.0,4506.0,0.0
1000.0,10.628,58.0,7.0,0.0,0.0,0.0,4506.0,0.0
1000.0,10.629,58.0,7.0,0.0,0.0,0.0,4506.0,0.0
1000.0,10.63,59.0,6.0,0.0,0.0,0.0,4506.0,0.0
1000.0,10.631,59.0,6.0,0.0,0.0,0.0,4506.0,0.0
1000.0,10.632,58.0,7.0,0.0,0.0,0.0,4506.0,0.0
1000.0,10.633000000000001,58.0,7.0,0.0,0.0,0.0,4506.0,0.0
1000.0,10.634,58.0,7.0,0.0,0.0,0.0,4506.0,0.0
1000.0,10.635,58.0,7.0,0.0,0.0,0.0,4506.0,0.0
1000.0,10.636000000000001,58.0,7.0,0.0,0.0,0.0,4506.0,0.0
1000.0,10.637,58.0,7.0,0.0,0.0,0.0,4506.0,0.0
1000.0,10.638,59.0,6.0,0.0,0.0,0.0,4506.0,0.0
1000.0,10.639,59.0,6.0,0.0,0.0,0.0,4506.0,0.0
1000.0,10.64,59.0,6.0,0.0,0.0,0.0,4506.0,0.0
1000.0,10.641,59.0,6.0,0.0,0.0,0.0,4506.0,0.0
1000.0,10.642,59.0,6.0,0.0,0.0,0.0,4506.0,0.0
1000.0,10.643,59.0,6.0,0.0,0.0,0.0,4506.0,0.0
1000.0,10.644,59.0,6.0,0.0,0.0,0.0,4506.0,0.0
1000.0,10.645,59.0,6.0,0.0,0.0,0.0,4506.0,0.0
1000.0,10.646,59.0,6.0,0.0,0.0,0.0,4506.0,0.0
1000.0,10.647,59.0,6.0,0.0,0.0,0.0,4506.0,0.0
1000.0,10.648,59.0,6.0,0.0,0.0,0.0,4506.0,0.0
1000.0,10.649000000000001,59.0,6.0,0.0,0.0,0.0,4506.0,0.0
1000.0,10.65,59.0,6.0,0.0,0.0,0.0,4506.0,0.0
1000.0,10.651,59.0,6.0,0.0,0.0,0.0,4506.0,0.0
1000.0,10.652000000000001,59.0,6.0,0.0,0.0,0.0,4506.0,0.0
1000.0,10.653,59.0,6.0,0.0,0.0,0.0,4506.0,0.0
1000.0,10.654,59.0,6.0,0.0,0.0,0.0,4506.0,0.0
1000.0,10.655,59.0,6.0,0.0,0.0,0.0,4506.0,0.0
1000.0,10.656,59.0,6.0,0.0,0.0,0.0,4506.0,0.0
1000.0,10.657,59.0,6.0,0.0,0.0,0.0,4506.0,0.0
1000.0,10.658,58.0,7.0,0.0,0.0,0.0,4506.0,0.0
1000.0,10.659,58.0,7.0,0.0,0.0,0.0,4506.0,0.0
1000.0,10.66,58.0,7.0,0.0,0.0,0.0,4506.0,0.0
1000.0,10.661,58.0,7.0,0.0,0.0,0.0,4506.0,0.0
1000.0,10.662,58.0,7.0,0.0,0.0,0.0,4506.0,0.0
1000.0,10.663,58.0,7.0,0.0,0.0,0.0,4506.0,0.0
1000.0,10.664,58.0,7.0,0.0,0.0,0.0,4506.0,0.0
1000.0,10.665000000000001,58.0,7.0,0.0,0.0,0.0,4506.0,0.0
1000.0,10.666,57.0,8.0,0.0,0.0,0.0,4506.0,0.0
1000.0,10.667,57.0,8.0,0.0,0.0,0.0,4506.0,0.0
1000.0,10.668000000000001,57.0,8.0,0.0,0.0,0.0,4506.0,0.0
1000.0,10.669,57.0,8.0,0.0,0.0,0.0,4506.0,0.0
1000.0,10.67,58.0,7.0,0.0,0.0,0.0,4506.0,0.0
1000.0,10.671,58.0,7.0,0.0,0.0,0.0,4506.0,0.0
1000.0,10.672,58.0,7.0,0.0,0.0,0.0,4506.0,0.0
1000.0,10.673,58.0,7.0,0.0,0.0,0.0,4506.0,0.0
1000.0,10.674,58.0,7.0,0.0,0.0,0.0,4506.0,0.0
1000.0,10.675,58.0,7.0,0.0,0.0,0.0,4506.0,0.0
1000.0,10.676,58.0,7.0,0.0,0.0,0.0,4506.0,0.0
1000.0,10.677,58.0,7.0,0.0,0.0,0.0,4506.0,0.0
1000.0,10.678,58.0,7.0,0.0,0.0,0.0,4506.0,0.0
1000.0,10.679,58.0,7.0,0.0,0.0,0.0,4506.0,0.0
1000.0,10.68,58.0,7.0,0.0,0.0,0.0,4506.0,0.0
1000.0,10.681000000000001,58.0,7.0,0.0,0.0,0.0,4506.0,0.0
1000.0,10.682,58.0,7.0,0.0,0.0,0.0,4506.0,0.0
1000.0,10.683,58.0,7.0,0.0,0.0,0.0,4506.0,0.0
1000.0,10.684000000000001,58.0,7.0,0.0,0.0,0.0,4506.0,0.0
1000.0,10.685,59.0,6.0,0.0,0.0,0.0,4506.0,0.0
1000.0,10.686,59.0,6.0,0.0,0.0,0.0,4506.0,0.0
1000.0,10.687,59.0,6.0,0.0,0.0,0.0,4506.0,0.0
1000.0,10.688,59.0,6.0,0.0,0.0,0.0,4506.0,0.0
1000.0,10.689,59.0,6.0,0.0,0.0,0.0,4506.0,0.0
1000.0,10.69,59.0,6.0,0.0,0.0,0.0,4506.0,0.0
1000.0,10.691,59.0,6.0,0.0,0.0,0.0,4506.0,0.0
1000.0,10.692,59.0,6.0,0.0,0.0,0.0,4506.0,0.0
1000.0,10.693,59.0,6.0,0.0,0.0,0.0,4506.0,0.0
1000.0,10.694,59.0,6.0,0.0,0.0,0.0,4506.0,0.0
1000.0,10.695,59.0,6.0,0.0,0.0,0.0,4506.0,0.0
1000.0,10.696,59.0,6.0,0.0,0.0,0.0,4506.0,0.0
1000.0,10.697000000000001,59.0,6.0,0.0,0.0,0.0,4506.0,0.0
1000.0,10.698,59.0,6.0,0.0,0.0,0.0,4506.0,0.0
1000.0,10.699,59.0,6.0,0.0,0.0,0.0,4506.0,0.0
1000.0,10.700000000000001,58.0,7.0,0.0,0.0,0.0,4506.0,0.0
1000.0,10.701,58.0,7.0,0.0,0.0,0.0,4506.0,0.0
1000.0,10.702,58.0,7.0,0.0,0.0,0.0,4506.0,0.0
1000.0,10.703,58.0,7.0,0.0,0.0,0.0,4506.0,0.0
1000.0,10.704,59.0,6.0,0.0,0.0,0.0,4506.0,0.0
1000.0,10.705,59.0,6.0,0.0,0.0,0.0,4506.0,0.0
1000.0,10.706,60.0,5.0,0.0,0.0,0.0,4506.0,0.0
1000.0,10.707,60.0,5.0,0.0,0.0,0.0,4506.0,0.0
1000.0,10.708,60.0,5.0,0.0,0.0,0.0,4506.0,0.0
1000.0,10.709,60.0,5.0,0.0,0.0,0.0,4506.0,0.0
1000.0,10.71,60.0,5.0,0.0,0.0,0.0,4506.0,0.0
1000.0,10.711,60.0,5.0,0.0,0.0,0.0,4506.0,0.0
1000.0,10.712,60.0,5.0,0.0,0.0,0.0,4506.0,0.0
1000.0,10.713000000000001,60.0,5.0,0.0,0.0,0.0,4506.0,0.0
1000.0,10.714,60.0,5.0,0.0,0.0,0.0,4506.0,0.0
1000.0,10.715,60.0,5.0,0.0,0.0,0.0,4506.0,0.0
1000.0,10.716000000000001,60.0,5.0,0.0,0.0,0.0,4506.0,0.0
1000.0,10.717,60.0,5.0,0.0,0.0,0.0,4506.0,0.0
1000.0,10.718,60.0,5.0,0.0,0.0,0.0,4506.0,0.0
1000.0,10.719,60.0,5.0,0.0,0.0,0.0,4506.0,0.0
1000.0,10.72,60.0,5.0,0.0,0.0,0.0,4506.0,0.0
1000.0,10.721,60.0,5.0,0.0,0.0,0.0,4506.0,0.0
1000.0,10.722,60.0,5.0,0.0,0.0,0.0,4506.0,0.0
1000.0,10.723,60.0,5.0,0.0,0.0,0.0,4506.0,0.0
1000.0,10.724,60.0,5.0,0.0,0.0,0.0,4506.0,0.0
1000.0,10.725,60.0,5.0,0.0,0.0,0.0,4506.0,0.0
1000.0,10.726,59.0,6.0,0.0,0.0,0.0,4506.0,0.0
1000.0,10.727,60.0,5.0,0.0,0.0,0.0,4506.0,0.0
1000.0,10.728,60.0,5.0,0.0,0.0,0.0,4506.0,0.0
1000.0,10.729000000000001,60.0,5.0,0.0,0.0,0.0,4506.0,0.0
1000.0,10.73,60.0,5.0,0.0,0.0,0.0,4506.0,0.0
1000.0,10.731,60.0,5.0,0.0,0.0,0.0,4506.0,0.0
1000.0,10.732000000000001,60.0,5.0,0.0,0.0,0.0,4506.0,0.0
1000.0,10.733,60.0,5.0,0.0,0.0,0.0,4506.0,0.0
1000.0,10.734,60.0,5.0,0.0,0.0,0.0,4506.0,0.0
1000.0,10.735,61.0,4.0,0.0,0.0,0.0,4506.0,0.0
1000.0,10.736,60.0,5.0,0.0,0.0,0.0,4506.0,0.0
1000.0,10.737,60.0,5.0,0.0,0.0,0.0,4506.0,0.0
1000.0,10.738,60.0,5.0,0.0,0.0,0.0,4506.0,0.0
1000.0,10.739,61.0,4.0,0.0,0.0,0.0,4506.0,0.0
1000.0,10.74,61.0,4.0,0.0,0.0,0.0,4506.0,0.0
1000.0,10.741,61.0,4.0,0.0,0.0,0.0,4506.0,0.0
1000.0,10.742,61.0,4.0,0.0,0.0,0.0,4506.0,0.0
1000.0,10.743,61.0,4.0,0.0,0.0,0.0,4506.0,0.0
1000.0,10.744,61.0,4.0,0.0,0.0,0.0,4506.0,0.0
1000.0,10.745000000000001,61.0,4.0,0.0,0.0,0.0,4506.0,0.0
1000.0,10.746,61.0,4.0,0.0,0.0,0.0,4506.0,0.0
1000.0,10.747,61.0,4.0,0.0,0.0,0.0,4506.0,0.0
1000.0,10.748000000000001,61.0,4.0,0.0,0.0,0.0,4506.0,0.0
1000.0,10.749,61.0,4.0,0.0,0.0,0.0,4506.0,0.0
1000.0,10.75,61.0,4.0,0.0,0.0,0.0,4506.0,0.0
1000.0,10.751,61.0,4.0,0.0,0.0,0.0,4506.0,0.0
1000.0,10.752,62.0,3.0,0.0,0.0,0.0,4506.0,0.0
1000.0,10.753,62.0,3.0,0.0,0.0,0.0,4506.0,0.0
1000.0,10.754,62.0,3.0,0.0,0.0,0.0,4506.0,0.0
1000.0,10.755,62.0,3.0,0.0,0.0,0.0,4506.0,0.0
1000.0,10.756,62.0,3.0,0.0,0.0,0.0,4506.0,0.0
1000.0,10.757,62.0,3.0,0.0,0.0,0.0,4506.0,0.0
1000.0,10.758000000000001,62.0,3.0,0.0,0.0,0.0,4506.0,0.0
1000.0,10.759,61.0,4.0,0.0,0.0,0.0,4506.0,0.0
1000.0,10.76,61.0,4.0,0.0,0.0,0.0,4506.0,0.0
1000.0,10.761000000000001,60.0,5.0,0.0,0.0,0.0,4506.0,0.0
1000.0,10.762,60.0,5.0,0.0,0.0,0.0,4506.0,0.0
1000.0,10.763,60.0,5.0,0.0,0.0,0.0,4506.0,0.0
1000.0,10.764,60.0,5.0,0.0,0.0,0.0,4506.0,0.0
1000.0,10.765,61.0,4.0,0.0,0.0,0.0,4506.0,0.0
1000.0,10.766,61.0,4.0,0.0,0.0,0.0,4506.0,0.0
1000.0,10.767,61.0,4.0,0.0,0.0,0.0,4506.0,0.0
1000.0,10.768,61.0,4.0,0.0,0.0,0.0,4506.0,0.0
1000.0,10.769,61.0,4.0,0.0,0.0,0.0,4506.0,0.0
1000.0,10.77,61.0,4.0,0.0,0.0,0.0,4506.0,0.0
1000.0,10.771,60.0,5.0,0.0,0.0,0.0,4506.0,0.0
1000.0,10.772,60.0,5.0,0.0,0.0,0.0,4506.0,0.0
1000.0,10.773,60.0,5.0,0.0,0.0,0.0,4506.0,0.0
1000.0,10.774000000000001,61.0,4.0,0.0,0.0,0.0,4506.0,0.0
1000.0,10.775,61.0,4.0,0.0,0.0,0.0,4506.0,0.0
1000.0,10.776,61.0,4.0,0.0,0.0,0.0,4506.0,0.0
1000.0,10.777000000000001,60.0,5.0,0.0,0.0,0.0,4506.0,0.0
1000.0,10.778,60.0,5.0,0.0,0.0,0.0,4506.0,0.0
1000.0,10.779,61.0,4.0,0.0,0.0,0.0,4506.0,0.0
1000.0,10.78,61.0,4.0,0.0,0.0,0.0,4506.0,0.0
1000.0,10.781,61.0,4.0,0.0,0.0,0.0,4506.0,0.0
1000.0,10.782,61.0,4.0,0.0,0.0,0.0,4506.0,0.0
1000.0,10.783,61.0,4.0,0.0,0.0,0.0,4506.0,0.0
1000.0,10.784,61.0,4.0,0.0,0.0,0.0,4506.0,0.0
1000.0,10.785,61.0,4.0,0.0,0.0,0.0,4506.0,0.0
1000.0,10.786,62.0,3.0,0.0,0.0,0.0,4506.0,0.0
1000.0,10.787,61.0,4.0,0.0,0.0,0.0,4506.0,0.0
1000.0,10.788,61.0,4.0,0.0,0.0,0.0,4506.0,0.0
1000.0,10.789,61.0,4.0,0.0,0.0,0.0,4506.0,0.0
1000.0,10.790000000000001,60.0,5.0,0.0,0.0,0.0,4506.0,0.0
1000.0,10.791,60.0,5.0,0.0,0.0,0.0,4506.0,0.0
1000.0,10.792,60.0,5.0,0.0,0.0,0.0,4506.0,0.0
1000.0,10.793000000000001,60.0,5.0,0.0,0.0,0.0,4506.0,0.0
1000.0,10.794,60.0,5.0,0.0,0.0,0.0,4506.0,0.0
1000.0,10.795,60.0,5.0,0.0,0.0,0.0,4506.0,0.0
1000.0,10.796,60.0,5.0,0.0,0.0,0.0,4506.0,0.0
1000.0,10.797,60.0,5.0,0.0,0.0,0.0,4506.0,0.0
1000.0,10.798,60.0,5.0,0.0,0.0,0.0,4506.0,0.0
1000.0,10.799,60.0,5.0,0.0,0.0,0.0,4506.0,0.0
1000.0,10.8,59.0,6.0,0.0,0.0,0.0,4506.0,0.0
1000.0,10.801,59.0,6.0,0.0,0.0,0.0,4506.0,0.0
1000.0,10.802,60.0,5.0,0.0,0.0,0.0,4506.0,0.0
1000.0,10.803,59.0,6.0,0.0,0.0,0.0,4506.0,0.0
1000.0,10.804,59.0,6.0,0.0,0.0,0.0,4506.0,0.0
1000.0,10.805,59.0,6.0,0.0,0.0,0.0,4506.0,0.0
1000.0,10.806000000000001,59.0,6.0,0.0,0.0,0.0,4506.0,0.0
1000.0,10.807,58.0,7.0,0.0,0.0,0.0,4506.0,0.0
1000.0,10.808,58.0,7.0,0.0,0.0,0.0,4506.0,0.0
1000.0,10.809000000000001,58.0,6.0,1.0,0.0,0.0,4506.0,0.0
1000.0,10.81,58.0,6.0,1.0,0.0,0.0,4506.0,0.0
1000.0,10.811,58.0,6.0,1.0,0.0,0.0,4506.0,0.0
1000.0,10.812,58.0,6.0,1.0,0.0,0.0,4506.0,0.0
1000.0,10.813,59.0,5.0,1.0,0.0,0.0,4506.0,0.0
1000.0,10.814,59.0,5.0,1.0,0.0,0.0,4506.0,0.0
1000.0,10.815,59.0,5.0,1.0,0.0,0.0,4506.0,0.0
1000.0,10.816,59.0,5.0,1.0,0.0,0.0,4506.0,0.0
1000.0,10.817,59.0,5.0,1.0,0.0,0.0,4506.0,0.0
1000.0,10.818,59.0,5.0,1.0,0.0,0.0,4506.0,0.0
1000.0,10.819,60.0,4.0,1.0,0.0,0.0,4506.0,0.0
1000.0,10.82,60.0,4.0,1.0,0.0,0.0,4506.0,0.0
1000.0,10.821,61.0,3.0,1.0,0.0,0.0,4506.0,0.0
1000.0,10.822000000000001,61.0,3.0,1.0,0.0,0.0,4506.0,0.0
1000.0,10.823,61.0,3.0,1.0,0.0,0.0,4506.0,0.0
1000.0,10.824,61.0,3.0,1.0,0.0,0.0,4506.0,0.0
1000.0,10.825000000000001,61.0,3.0,1.0,0.0,0.0,4506.0,0.0
1000.0,10.826,61.0,3.0,1.0,0.0,0.0,4506.0,0.0
1000.0,10.827,61.0,3.0,1.0,0.0,0.0,4506.0,0.0
1000.0,10.828,60.0,4.0,1.0,0.0,0.0,4506.0,0.0
1000.0,10.829,60.0,4.0,1.0,0.0,0.0,4506.0,0.0
1000.0,10.83,60.0,4.0,1.0,0.0,0.0,4506.0,0.0
1000.0,10.831,60.0,4.0,1.0,0.0,0.0,4506.0,0.0
1000.0,10.832,60.0,4.0,1.0,0.0,0.0,4506.0,0.0
1000.0,10.833,60.0,4.0,1.0,0.0,0.0,4506.0,0.0
1000.0,10.834,60.0,4.0,1.0,0.0,0.0,4506.0,0.0
1000.0,10.835,60.0,4.0,1.0,0.0,0.0,4506.0,0.0
1000.0,10.836,60.0,4.0,1.0,0.0,0.0,4506.0,0.0
1000.0,10.837,60.0,4.0,1.0,0.0,0.0,4506.0,0.0
1000.0,10.838000000000001,60.0,4.0,1.0,0.0,0.0,4506.0,0.0
1000.0,10.839,60.0,4.0,1.0,0.0,0.0,4506.0,0.0
1000.0,10.84,60.0,4.0,1.0,0.0,0.0,4506.0,0.0
1000.0,10.841000000000001,60.0,4.0,1.0,0.0,0.0,4506.0,0.0
1000.0,10.842,60.0,4.0,1.0,0.0,0.0,4506.0,0.0
1000.0,10.843,60.0,4.0,1.0,0.0,0.0,4506.0,0.0
1000.0,10.844,60.0,4.0,1.0,0.0,0.0,4506.0,0.0
1000.0,10.845,60.0,4.0,1.0,0.0,0.0,4506.0,0.0
1000.0,10.846,60.0,4.0,1.0,0.0,0.0,4506.0,0.0
1000.0,10.847,60.0,4.0,1.0,0.0,0.0,4506.0,0.0
1000.0,10.848,60.0,4.0,1.0,0.0,0.0,4506.0,0.0
1000.0,10.849,60.0,4.0,1.0,0.0,0.0,4506.0,0.0
1000.0,10.85,60.0,4.0,1.0,0.0,0.0,4506.0,0.0
1000.0,10.851,60.0,4.0,1.0,0.0,0.0,4506.0,0.0
1000.0,10.852,60.0,4.0,1.0,0.0,0.0,4506.0,0.0
1000.0,10.853,60.0,4.0,1.0,0.0,0.0,4506.0,0.0
1000.0,10.854000000000001,60.0,4.0,1.0,0.0,0.0,4506.0,0.0
1000.0,10.855,60.0,4.0,1.0,0.0,0.0,4506.0,0.0
1000.0,10.856,60.0,4.0,1.0,0.0,0.0,4506.0,0.0
1000.0,10.857000000000001,60.0,4.0,1.0,0.0,0.0,4506.0,0.0
1000.0,10.858,60.0,4.0,1.0,0.0,0.0,4506.0,0.0
1000.0,10.859,60.0,4.0,1.0,0.0,0.0,4506.0,0.0
1000.0,10.86,60.0,4.0,1.0,0.0,0.0,4506.0,0.0
1000.0,10.861,60.0,4.0,1.0,0.0,0.0,4506.0,0.0
1000.0,10.862,60.0,4.0,1.0,0.0,0.0,4506.0,0.0
1000.0,10.863,60.0,4.0,1.0,0.0,0.0,4506.0,0.0
1000.0,10.864,60.0,4.0,1.0,0.0,0.0,4506.0,0.0
1000.0,10.865,60.0,4.0,1.0,0.0,0.0,4506.0,0.0
1000.0,10.866,60.0,4.0,1.0,0.0,0.0,4506.0,0.0
1000.0,10.867,60.0,4.0,1.0,0.0,0.0,4506.0,0.0
1000.0,10.868,60.0,4.0,1.0,0.0,0.0,4506.0,0.0
1000.0,10.869,60.0,4.0,1.0,0.0,0.0,4506.0,0.0
1000.0,10.870000000000001,60.0,4.0,1.0,0.0,0.0,4506.0,0.0
1000.0,10.871,60.0,4.0,1.0,0.0,0.0,4506.0,0.0
1000.0,10.872,60.0,4.0,1.0,0.0,0.0,4506.0,0.0
1000.0,10.873000000000001,60.0,4.0,1.0,0.0,0.0,4506.0,0.0
1000.0,10.874,60.0,4.0,1.0,0.0,0.0,4506.0,0.0
1000.0,10.875,60.0,4.0,1.0,0.0,0.0,4506.0,0.0
1000.0,10.876,60.0,4.0,1.0,0.0,0.0,4506.0,0.0
1000.0,10.877,60.0,4.0,1.0,0.0,0.0,4506.0,0.0
1000.0,10.878,60.0,4.0,1.0,0.0,0.0,4506.0,0.0
1000.0,10.879,60.0,4.0,1.0,0.0,0.0,4506.0,0.0
1000.0,10.88,60.0,4.0,1.0,0.0,0.0,4506.0,0.0
1000.0,10.881,60.0,4.0,1.0,0.0,0.0,4506.0,0.0
1000.0,10.882,60.0,4.0,1.0,0.0,0.0,4506.0,0.0
1000.0,10.883000000000001,60.0,4.0,1.0,0.0,0.0,4506.0,0.0
1000.0,10.884,60.0,4.0,1.0,0.0,0.0,4506.0,0.0
1000.0,10.885,60.0,4.0,1.0,0.0,0.0,4506.0,0.0
1000.0,10.886000000000001,61.0,3.0,1.0,0.0,0.0,4506.0,0.0
1000.0,10.887,61.0,3.0,1.0,0.0,0.0,4506.0,0.0
1000.0,10.888,61.0,3.0,1.0,0.0,0.0,4506.0,0.0
1000.0,10.889,61.0,3.0,1.0,0.0,0.0,4506.0,0.0
1000.0,10.89,61.0,3.0,1.0,0.0,0.0,4506.0,0.0
1000.0,10.891,61.0,3.0,1.0,0.0,0.0,4506.0,0.0
1000.0,10.892,61.0,3.0,1.0,0.0,0.0,4506.0,0.0
1000.0,10.893,61.0,3.0,1.0,0.0,0.0,4506.0,0.0
1000.0,10.894,61.0,3.0,1.0,0.0,0.0,4506.0,0.0
1000.0,10.895,61.0,3.0,1.0,0.0,0.0,4506.0,0.0
1000.0,10.896,60.0,4.0,1.0,0.0,0.0,4506.0,0.0
1000.0,10.897,60.0,4.0,1.0,0.0,0.0,4506.0,0.0
1000.0,10.898,60.0,4.0,1.0,0.0,0.0,4506.0,0.0
1000.0,10.899000000000001,60.0,4.0,1.0,0.0,0.0,4506.0,0.0
1000.0,10.9,61.0,3.0,1.0,0.0,0.0,4506.0,0.0
1000.0,10.901,61.0,3.0,1.0,0.0,0.0,4506.0,0.0
1000.0,10.902000000000001,61.0,3.0,1.0,0.0,0.0,4506.0,0.0
1000.0,10.903,61.0,3.0,1.0,0.0,0.0,4506.0,0.0
1000.0,10.904,61.0,3.0,1.0,0.0,0.0,4506.0,0.0
1000.0,10.905,61.0,2.0,2.0,0.0,0.0,4506.0,0.0
1000.0,10.906,61.0,2.0,2.0,0.0,0.0,4506.0,0.0
1000.0,10.907,61.0,2.0,2.0,0.0,0.0,4506.0,0.0
1000.0,10.908,62.0,1.0,2.0,0.0,0.0,4506.0,0.0
1000.0,10.909,62.0,2.0,1.0,0.0,0.0,4506.0,0.0
1000.0,10.91,62.0,2.0,1.0,0.0,0.0,4506.0,0.0
1000.0,10.911,62.0,2.0,1.0,0.0,0.0,4506.0,0.0
1000.0,10.912,62.0,2.0,1.0,0.0,0.0,4506.0,0.0
1000.0,10.913,62.0,2.0,1.0,0.0,0.0,4506.0,0.0
1000.0,10.914,62.0,2.0,1.0,0.0,0.0,4506.0,0.0
1000.0,10.915000000000001,62.0,2.0,1.0,0.0,0.0,4506.0,0.0
1000.0,10.916,62.0,2.0,1.0,0.0,0.0,4506.0,0.0
1000.0,10.917,62.0,2.0,1.0,0.0,0.0,4506.0,0.0
1000.0,10.918000000000001,62.0,2.0,1.0,0.0,0.0,4506.0,0.0
1000.0,10.919,62.0,2.0,1.0,0.0,0.0,4506.0,0.0
1000.0,10.92,62.0,2.0,1.0,0.0,0.0,4506.0,0.0
1000.0,10.921,62.0,2.0,1.0,0.0,0.0,4506.0,0.0
1000.0,10.922,61.0,3.0,1.0,0.0,0.0,4506.0,0.0
1000.0,10.923,61.0,3.0,1.0,0.0,0.0,4506.0,0.0
1000.0,10.924,61.0,3.0,1.0,0.0,0.0,4506.0,0.0
1000.0,10.925,62.0,2.0,1.0,0.0,0.0,4506.0,0.0
1000.0,10.926,62.0,2.0,1.0,0.0,0.0,4506.0,0.0
1000.0,10.927,61.0,3.0,1.0,0.0,0.0,4506.0,0.0
1000.0,10.928,61.0,3.0,1.0,0.0,0.0,4506.0,0.0
1000.0,10.929,60.0,4.0,1.0,0.0,0.0,4506.0,0.0
1000.0,10.93,60.0,4.0,1.0,0.0,0.0,4506.0,0.0
1000.0,10.931000000000001,60.0,4.0,1.0,0.0,0.0,4506.0,0.0
1000.0,10.932,60.0,4.0,1.0,0.0,0.0,4506.0,0.0
1000.0,10.933,60.0,4.0,1.0,0.0,0.0,4506.0,0.0
1000.0,10.934000000000001,60.0,4.0,1.0,0.0,0.0,4506.0,0.0
1000.0,10.935,60.0,4.0,1.0,0.0,0.0,4506.0,0.0
1000.0,10.936,60.0,4.0,1.0,0.0,0.0,4506.0,0.0
1000.0,10.937,60.0,4.0,1.0,0.0,0.0,4506.0,0.0
1000.0,10.938,60.0,4.0,1.0,0.0,0.0,4506.0,0.0
1000.0,10.939,60.0,5.0,0.0,0.0,0.0,4506.0,0.0
1000.0,10.94,60.0,5.0,0.0,0.0,0.0,4506.0,0.0
1000.0,10.941,60.0,5.0,0.0,0.0,0.0,4506.0,0.0
1000.0,10.942,60.0,5.0,0.0,0.0,0.0,4506.0,0.0
1000.0,10.943,60.0,5.0,0.0,0.0,0.0,4506.0,0.0
1000.0,10.944,60.0,5.0,0.0,0.0,0.0,4506.0,0.0
1000.0,10.945,60.0,5.0,0.0,0.0,0.0,4506.0,0.0
1000.0,10.946,60.0,5.0,0.0,0.0,0.0,4506.0,0.0
1000.0,10.947000000000001,60.0,5.0,0.0,0.0,0.0,4506.0,0.0
1000.0,10.948,60.0,5.0,0.0,0.0,0.0,4506.0,0.0
1000.0,10.949,60.0,5.0,0.0,0.0,0.0,4506.0,0.0
1000.0,10.950000000000001,60.0,5.0,0.0,0.0,0.0,4506.0,0.0
1000.0,10.951,60.0,5.0,0.0,0.0,0.0,4506.0,0.0
1000.0,10.952,60.0,5.0,0.0,0.0,0.0,4506.0,0.0
1000.0,10.953,60.0,5.0,0.0,0.0,0.0,4506.0,0.0
1000.0,10.954,60.0,4.0,1.0,0.0,0.0,4506.0,0.0
1000.0,10.955,60.0,4.0,1.0,0.0,0.0,4506.0,0.0
1000.0,10.956,59.0,5.0,1.0,0.0,0.0,4506.0,0.0
1000.0,10.957,59.0,5.0,1.0,0.0,0.0,4506.0,0.0
1000.0,10.958,59.0,5.0,1.0,0.0,0.0,4506.0,0.0
1000.0,10.959,59.0,5.0,1.0,0.0,0.0,4506.0,0.0
1000.0,10.96,59.0,5.0,1.0,0.0,0.0,4506.0,0.0
1000.0,10.961,60.0,4.0,1.0,0.0,0.0,4506.0,0.0
1000.0,10.962,60.0,4.0,1.0,0.0,0.0,4506.0,0.0
1000.0,10.963000000000001,61.0,4.0,0.0,0.0,0.0,4506.0,0.0
1000.0,10.964,61.0,4.0,0.0,0.0,0.0,4506.0,0.0
1000.0,10.965,61.0,4.0,0.0,0.0,0.0,4506.0,0.0
1000.0,10.966000000000001,61.0,4.0,0.0,0.0,0.0,4506.0,0.0
1000.0,10.967,60.0,5.0,0.0,0.0,0.0,4506.0,0.0
1000.0,10.968,60.0,5.0,0.0,0.0,0.0,4506.0,0.0
1000.0,10.969,60.0,5.0,0.0,0.0,0.0,4506.0,0.0
1000.0,10.97,60.0,5.0,0.0,0.0,0.0,4506.0,0.0
1000.0,10.971,61.0,4.0,0.0,0.0,0.0,4506.0,0.0
1000.0,10.972,61.0,4.0,0.0,0.0,0.0,4506.0,0.0
1000.0,10.973,61.0,4.0,0.0,0.0,0.0,4506.0,0.0
1000.0,10.974,61.0,4.0,0.0,0.0,0.0,4506.0,0.0
1000.0,10.975,61.0,4.0,0.0,0.0,0.0,4506.0,0.0
1000.0,10.976,61.0,4.0,0.0,0.0,0.0,4506.0,0.0
1000.0,10.977,61.0,4.0,0.0,0.0,0.0,4506.0,0.0
1000.0,10.978,61.0,4.0,0.0,0.0,0.0,4506.0,0.0
1000.0,10.979000000000001,61.0,4.0,0.0,0.0,0.0,4506.0,0.0
1000.0,10.98,61.0,4.0,0.0,0.0,0.0,4506.0,0.0
1000.0,10.981,61.0,4.0,0.0,0.0,0.0,4506.0,0.0
1000.0,10.982000000000001,61.0,4.0,0.0,0.0,0.0,4506.0,0.0
1000.0,10.983,61.0,4.0,0.0,0.0,0.0,4506.0,0.0
1000.0,10.984,61.0,4.0,0.0,0.0,0.0,4506.0,0.0
1000.0,10.985,61.0,4.0,0.0,0.0,0.0,4506.0,0.0
1000.0,10.986,62.0,3.0,0.0,0.0,0.0,4506.0,0.0
1000.0,10.987,62.0,3.0,0.0,0.0,0.0,4506.0,0.0
1000.0,10.988,62.0,3.0,0.0,0.0,0.0,4506.0,0.0
1000.0,10.989,62.0,3.0,0.0,0.0,0.0,4506.0,0.0
1000.0,10.99,62.0,3.0,0.0,0.0,0.0,4506.0,0.0
1000.0,10.991,62.0,3.0,0.0,0.0,0.0,4506.0,0.0
1000.0,10.992,62.0,3.0,0.0,0.0,0.0,4506.0,0.0
1000.0,10.993,62.0,3.0,0.0,0.0,0.0,4506.0,0.0
1000.0,10.994,62.0,3.0,0.0,0.0,0.0,4506.0,0.0
1000.0,10.995000000000001,62.0,3.0,0.0,0.0,0.0,4506.0,0.0
1000.0,10.996,63.0,2.0,0.0,0.0,0.0,4506.0,0.0
1000.0,10.997,63.0,2.0,0.0,0.0,0.0,4506.0,0.0
1000.0,10.998000000000001,63.0,2.0,0.0,0.0,0.0,4506.0,0.0
1000.0,10.999,63.0,2.0,0.0,0.0,0.0,4506.0,0.0
1000.0,11.0,63.0,2.0,0.0,0.0,0.0,4506.0,0.0
